one_class_train/airplane/airplane29.tif,0
one_class_train/airplane/airplane12.tif,0
one_class_train/airplane/airplane52.tif,0
one_class_train/airplane/airplane55.tif,0
one_class_train/airplane/airplane47.tif,0
one_class_train/airplane/airplane80.tif,0
one_class_train/airplane/airplane51.tif,0
one_class_train/airplane/airplane81.tif,0
one_class_train/airplane/airplane34.tif,0
one_class_train/airplane/airplane37.tif,0
one_class_train/airplane/airplane92.tif,0
one_class_train/airplane/airplane76.tif,0
one_class_train/airplane/airplane96.tif,0
one_class_train/airplane/airplane43.tif,0
one_class_train/airplane/airplane16.tif,0
one_class_train/airplane/airplane61.tif,0
one_class_train/airplane/airplane65.tif,0
one_class_train/airplane/airplane39.tif,0
one_class_train/airplane/airplane67.tif,0
one_class_train/airplane/airplane38.tif,0
one_class_train/airplane/airplane03.tif,0
one_class_train/airplane/airplane75.tif,0
one_class_train/airplane/airplane06.tif,0
one_class_train/airplane/airplane08.tif,0
one_class_train/airplane/airplane60.tif,0
one_class_train/airplane/airplane21.tif,0
one_class_train/airplane/airplane89.tif,0
one_class_train/airplane/airplane44.tif,0
one_class_train/airplane/airplane78.tif,0
one_class_train/airplane/airplane23.tif,0
one_class_train/airplane/airplane70.tif,0
one_class_train/airplane/airplane00.tif,0
one_class_train/airplane/airplane57.tif,0
one_class_train/airplane/airplane49.tif,0
one_class_train/airplane/airplane77.tif,0
one_class_train/airplane/airplane25.tif,0
one_class_train/airplane/airplane48.tif,0
one_class_train/airplane/airplane26.tif,0
one_class_train/airplane/airplane45.tif,0
one_class_train/airplane/airplane86.tif,0
one_class_train/airplane/airplane01.tif,0
one_class_train/airplane/airplane98.tif,0
one_class_train/airplane/airplane66.tif,0
one_class_train/airplane/airplane36.tif,0
one_class_train/airplane/airplane56.tif,0
one_class_train/airplane/airplane04.tif,0
one_class_train/airplane/airplane87.tif,0
one_class_train/airplane/airplane41.tif,0
one_class_train/airplane/airplane62.tif,0
one_class_train/airplane/airplane07.tif,0
one_class_train/airplane/airplane42.tif,0
one_class_train/airplane/airplane84.tif,0
one_class_train/airplane/airplane20.tif,0
one_class_train/airplane/airplane35.tif,0
one_class_train/airplane/airplane59.tif,0
one_class_train/airplane/airplane95.tif,0
one_class_train/airplane/airplane85.tif,0
one_class_train/airplane/airplane79.tif,0
one_class_train/airplane/airplane69.tif,0
one_class_train/airplane/airplane94.tif,0
one_class_train/airplane/airplane46.tif,0
one_class_train/airplane/airplane90.tif,0
one_class_train/airplane/airplane28.tif,0
one_class_train/airplane/airplane15.tif,0
one_class_train/airplane/airplane32.tif,0
one_class_train/airplane/airplane10.tif,0
one_class_train/airplane/airplane24.tif,0
one_class_train/airplane/airplane05.tif,0
one_class_train/airplane/airplane73.tif,0
one_class_train/airplane/airplane19.tif,0
one_class_train/airplane/airplane14.tif,0
one_class_train/airplane/airplane02.tif,0
one_class_train/airplane/airplane93.tif,0
one_class_train/airplane/airplane11.tif,0
one_class_train/airplane/airplane53.tif,0
one_class_train/airplane/airplane09.tif,0
one_class_train/airplane/airplane22.tif,0
one_class_train/airplane/airplane64.tif,0
one_class_train/airplane/airplane30.tif,0
one_class_train/airplane/airplane13.tif,0
one_class_train/baseballdiamond/baseballdiamond33.tif,1
one_class_train/baseballdiamond/baseballdiamond59.tif,1
one_class_train/baseballdiamond/baseballdiamond55.tif,1
one_class_train/baseballdiamond/baseballdiamond92.tif,1
one_class_train/baseballdiamond/baseballdiamond23.tif,1
one_class_train/baseballdiamond/baseballdiamond21.tif,1
one_class_train/baseballdiamond/baseballdiamond73.tif,1
one_class_train/baseballdiamond/baseballdiamond24.tif,1
one_class_train/baseballdiamond/baseballdiamond16.tif,1
one_class_train/baseballdiamond/baseballdiamond83.tif,1
one_class_train/baseballdiamond/baseballdiamond30.tif,1
one_class_train/baseballdiamond/baseballdiamond41.tif,1
one_class_train/baseballdiamond/baseballdiamond37.tif,1
one_class_train/baseballdiamond/baseballdiamond12.tif,1
one_class_train/baseballdiamond/baseballdiamond04.tif,1
one_class_train/baseballdiamond/baseballdiamond96.tif,1
one_class_train/baseballdiamond/baseballdiamond10.tif,1
one_class_train/baseballdiamond/baseballdiamond17.tif,1
one_class_train/baseballdiamond/baseballdiamond95.tif,1
one_class_train/baseballdiamond/baseballdiamond53.tif,1
one_class_train/baseballdiamond/baseballdiamond54.tif,1
one_class_train/baseballdiamond/baseballdiamond32.tif,1
one_class_train/baseballdiamond/baseballdiamond44.tif,1
one_class_train/baseballdiamond/baseballdiamond60.tif,1
one_class_train/baseballdiamond/baseballdiamond40.tif,1
one_class_train/baseballdiamond/baseballdiamond34.tif,1
one_class_train/baseballdiamond/baseballdiamond72.tif,1
one_class_train/baseballdiamond/baseballdiamond42.tif,1
one_class_train/baseballdiamond/baseballdiamond78.tif,1
one_class_train/baseballdiamond/baseballdiamond79.tif,1
one_class_train/baseballdiamond/baseballdiamond46.tif,1
one_class_train/baseballdiamond/baseballdiamond82.tif,1
one_class_train/baseballdiamond/baseballdiamond71.tif,1
one_class_train/baseballdiamond/baseballdiamond81.tif,1
one_class_train/baseballdiamond/baseballdiamond67.tif,1
one_class_train/baseballdiamond/baseballdiamond51.tif,1
one_class_train/baseballdiamond/baseballdiamond18.tif,1
one_class_train/baseballdiamond/baseballdiamond14.tif,1
one_class_train/baseballdiamond/baseballdiamond20.tif,1
one_class_train/baseballdiamond/baseballdiamond99.tif,1
one_class_train/baseballdiamond/baseballdiamond22.tif,1
one_class_train/baseballdiamond/baseballdiamond85.tif,1
one_class_train/baseballdiamond/baseballdiamond19.tif,1
one_class_train/baseballdiamond/baseballdiamond38.tif,1
one_class_train/baseballdiamond/baseballdiamond01.tif,1
one_class_train/baseballdiamond/baseballdiamond89.tif,1
one_class_train/baseballdiamond/baseballdiamond58.tif,1
one_class_train/baseballdiamond/baseballdiamond36.tif,1
one_class_train/baseballdiamond/baseballdiamond77.tif,1
one_class_train/baseballdiamond/baseballdiamond74.tif,1
one_class_train/baseballdiamond/baseballdiamond50.tif,1
one_class_train/baseballdiamond/baseballdiamond98.tif,1
one_class_train/baseballdiamond/baseballdiamond48.tif,1
one_class_train/baseballdiamond/baseballdiamond47.tif,1
one_class_train/baseballdiamond/baseballdiamond61.tif,1
one_class_train/baseballdiamond/baseballdiamond65.tif,1
one_class_train/baseballdiamond/baseballdiamond26.tif,1
one_class_train/baseballdiamond/baseballdiamond27.tif,1
one_class_train/baseballdiamond/baseballdiamond91.tif,1
one_class_train/baseballdiamond/baseballdiamond06.tif,1
one_class_train/baseballdiamond/baseballdiamond86.tif,1
one_class_train/baseballdiamond/baseballdiamond69.tif,1
one_class_train/baseballdiamond/baseballdiamond35.tif,1
one_class_train/baseballdiamond/baseballdiamond62.tif,1
one_class_train/baseballdiamond/baseballdiamond64.tif,1
one_class_train/baseballdiamond/baseballdiamond76.tif,1
one_class_train/baseballdiamond/baseballdiamond39.tif,1
one_class_train/baseballdiamond/baseballdiamond11.tif,1
one_class_train/baseballdiamond/baseballdiamond25.tif,1
one_class_train/baseballdiamond/baseballdiamond97.tif,1
one_class_train/baseballdiamond/baseballdiamond63.tif,1
one_class_train/baseballdiamond/baseballdiamond13.tif,1
one_class_train/baseballdiamond/baseballdiamond52.tif,1
one_class_train/baseballdiamond/baseballdiamond03.tif,1
one_class_train/baseballdiamond/baseballdiamond49.tif,1
one_class_train/baseballdiamond/baseballdiamond84.tif,1
one_class_train/baseballdiamond/baseballdiamond05.tif,1
one_class_train/baseballdiamond/baseballdiamond87.tif,1
one_class_train/baseballdiamond/baseballdiamond45.tif,1
one_class_train/baseballdiamond/baseballdiamond68.tif,1
one_class_train/buildings/buildings87.tif,2
one_class_train/buildings/buildings72.tif,2
one_class_train/buildings/buildings67.tif,2
one_class_train/buildings/buildings56.tif,2
one_class_train/buildings/buildings24.tif,2
one_class_train/buildings/buildings31.tif,2
one_class_train/buildings/buildings97.tif,2
one_class_train/buildings/buildings38.tif,2
one_class_train/buildings/buildings44.tif,2
one_class_train/buildings/buildings33.tif,2
one_class_train/buildings/buildings07.tif,2
one_class_train/buildings/buildings77.tif,2
one_class_train/buildings/buildings17.tif,2
one_class_train/buildings/buildings83.tif,2
one_class_train/buildings/buildings66.tif,2
one_class_train/buildings/buildings95.tif,2
one_class_train/buildings/buildings86.tif,2
one_class_train/buildings/buildings50.tif,2
one_class_train/buildings/buildings00.tif,2
one_class_train/buildings/buildings15.tif,2
one_class_train/buildings/buildings62.tif,2
one_class_train/buildings/buildings58.tif,2
one_class_train/buildings/buildings45.tif,2
one_class_train/buildings/buildings84.tif,2
one_class_train/buildings/buildings63.tif,2
one_class_train/buildings/buildings35.tif,2
one_class_train/buildings/buildings22.tif,2
one_class_train/buildings/buildings65.tif,2
one_class_train/buildings/buildings91.tif,2
one_class_train/buildings/buildings29.tif,2
one_class_train/buildings/buildings81.tif,2
one_class_train/buildings/buildings25.tif,2
one_class_train/buildings/buildings49.tif,2
one_class_train/buildings/buildings48.tif,2
one_class_train/buildings/buildings27.tif,2
one_class_train/buildings/buildings52.tif,2
one_class_train/buildings/buildings02.tif,2
one_class_train/buildings/buildings78.tif,2
one_class_train/buildings/buildings11.tif,2
one_class_train/buildings/buildings61.tif,2
one_class_train/buildings/buildings82.tif,2
one_class_train/buildings/buildings93.tif,2
one_class_train/buildings/buildings53.tif,2
one_class_train/buildings/buildings26.tif,2
one_class_train/buildings/buildings36.tif,2
one_class_train/buildings/buildings57.tif,2
one_class_train/buildings/buildings12.tif,2
one_class_train/buildings/buildings51.tif,2
one_class_train/buildings/buildings13.tif,2
one_class_train/buildings/buildings68.tif,2
one_class_train/buildings/buildings75.tif,2
one_class_train/buildings/buildings41.tif,2
one_class_train/buildings/buildings64.tif,2
one_class_train/buildings/buildings80.tif,2
one_class_train/buildings/buildings03.tif,2
one_class_train/buildings/buildings23.tif,2
one_class_train/buildings/buildings96.tif,2
one_class_train/buildings/buildings06.tif,2
one_class_train/buildings/buildings94.tif,2
one_class_train/buildings/buildings59.tif,2
one_class_train/buildings/buildings28.tif,2
one_class_train/buildings/buildings98.tif,2
one_class_train/buildings/buildings60.tif,2
one_class_train/buildings/buildings42.tif,2
one_class_train/buildings/buildings40.tif,2
one_class_train/buildings/buildings92.tif,2
one_class_train/buildings/buildings21.tif,2
one_class_train/buildings/buildings10.tif,2
one_class_train/buildings/buildings73.tif,2
one_class_train/buildings/buildings34.tif,2
one_class_train/buildings/buildings20.tif,2
one_class_train/buildings/buildings89.tif,2
one_class_train/buildings/buildings79.tif,2
one_class_train/buildings/buildings30.tif,2
one_class_train/buildings/buildings43.tif,2
one_class_train/buildings/buildings37.tif,2
one_class_train/buildings/buildings08.tif,2
one_class_train/buildings/buildings85.tif,2
one_class_train/buildings/buildings76.tif,2
one_class_train/buildings/buildings32.tif,2
one_class_train/chaparral/chaparral10.tif,3
one_class_train/chaparral/chaparral75.tif,3
one_class_train/chaparral/chaparral28.tif,3
one_class_train/chaparral/chaparral02.tif,3
one_class_train/chaparral/chaparral32.tif,3
one_class_train/chaparral/chaparral26.tif,3
one_class_train/chaparral/chaparral33.tif,3
one_class_train/chaparral/chaparral97.tif,3
one_class_train/chaparral/chaparral94.tif,3
one_class_train/chaparral/chaparral47.tif,3
one_class_train/chaparral/chaparral82.tif,3
one_class_train/chaparral/chaparral67.tif,3
one_class_train/chaparral/chaparral31.tif,3
one_class_train/chaparral/chaparral80.tif,3
one_class_train/chaparral/chaparral76.tif,3
one_class_train/chaparral/chaparral74.tif,3
one_class_train/chaparral/chaparral06.tif,3
one_class_train/chaparral/chaparral66.tif,3
one_class_train/chaparral/chaparral09.tif,3
one_class_train/chaparral/chaparral54.tif,3
one_class_train/chaparral/chaparral18.tif,3
one_class_train/chaparral/chaparral44.tif,3
one_class_train/chaparral/chaparral60.tif,3
one_class_train/chaparral/chaparral79.tif,3
one_class_train/chaparral/chaparral98.tif,3
one_class_train/chaparral/chaparral81.tif,3
one_class_train/chaparral/chaparral12.tif,3
one_class_train/chaparral/chaparral96.tif,3
one_class_train/chaparral/chaparral00.tif,3
one_class_train/chaparral/chaparral99.tif,3
one_class_train/chaparral/chaparral65.tif,3
one_class_train/chaparral/chaparral49.tif,3
one_class_train/chaparral/chaparral40.tif,3
one_class_train/chaparral/chaparral73.tif,3
one_class_train/chaparral/chaparral59.tif,3
one_class_train/chaparral/chaparral29.tif,3
one_class_train/chaparral/chaparral93.tif,3
one_class_train/chaparral/chaparral63.tif,3
one_class_train/chaparral/chaparral04.tif,3
one_class_train/chaparral/chaparral14.tif,3
one_class_train/chaparral/chaparral50.tif,3
one_class_train/chaparral/chaparral87.tif,3
one_class_train/chaparral/chaparral62.tif,3
one_class_train/chaparral/chaparral19.tif,3
one_class_train/chaparral/chaparral55.tif,3
one_class_train/chaparral/chaparral43.tif,3
one_class_train/chaparral/chaparral11.tif,3
one_class_train/chaparral/chaparral90.tif,3
one_class_train/chaparral/chaparral86.tif,3
one_class_train/chaparral/chaparral27.tif,3
one_class_train/chaparral/chaparral45.tif,3
one_class_train/chaparral/chaparral23.tif,3
one_class_train/chaparral/chaparral35.tif,3
one_class_train/chaparral/chaparral25.tif,3
one_class_train/chaparral/chaparral17.tif,3
one_class_train/chaparral/chaparral20.tif,3
one_class_train/chaparral/chaparral58.tif,3
one_class_train/chaparral/chaparral34.tif,3
one_class_train/chaparral/chaparral36.tif,3
one_class_train/chaparral/chaparral42.tif,3
one_class_train/chaparral/chaparral03.tif,3
one_class_train/chaparral/chaparral30.tif,3
one_class_train/chaparral/chaparral07.tif,3
one_class_train/chaparral/chaparral13.tif,3
one_class_train/chaparral/chaparral61.tif,3
one_class_train/chaparral/chaparral46.tif,3
one_class_train/chaparral/chaparral01.tif,3
one_class_train/chaparral/chaparral95.tif,3
one_class_train/chaparral/chaparral83.tif,3
one_class_train/chaparral/chaparral05.tif,3
one_class_train/chaparral/chaparral56.tif,3
one_class_train/chaparral/chaparral88.tif,3
one_class_train/chaparral/chaparral71.tif,3
one_class_train/chaparral/chaparral68.tif,3
one_class_train/chaparral/chaparral77.tif,3
one_class_train/chaparral/chaparral08.tif,3
one_class_train/chaparral/chaparral69.tif,3
one_class_train/chaparral/chaparral91.tif,3
one_class_train/chaparral/chaparral57.tif,3
one_class_train/chaparral/chaparral21.tif,3
one_class_train/denseresidential/denseresidential89.tif,4
one_class_train/denseresidential/denseresidential20.tif,4
one_class_train/denseresidential/denseresidential52.tif,4
one_class_train/denseresidential/denseresidential59.tif,4
one_class_train/denseresidential/denseresidential70.tif,4
one_class_train/denseresidential/denseresidential16.tif,4
one_class_train/denseresidential/denseresidential63.tif,4
one_class_train/denseresidential/denseresidential78.tif,4
one_class_train/denseresidential/denseresidential14.tif,4
one_class_train/denseresidential/denseresidential83.tif,4
one_class_train/denseresidential/denseresidential24.tif,4
one_class_train/denseresidential/denseresidential86.tif,4
one_class_train/denseresidential/denseresidential05.tif,4
one_class_train/denseresidential/denseresidential60.tif,4
one_class_train/denseresidential/denseresidential51.tif,4
one_class_train/denseresidential/denseresidential07.tif,4
one_class_train/denseresidential/denseresidential58.tif,4
one_class_train/denseresidential/denseresidential27.tif,4
one_class_train/denseresidential/denseresidential37.tif,4
one_class_train/denseresidential/denseresidential90.tif,4
one_class_train/denseresidential/denseresidential84.tif,4
one_class_train/denseresidential/denseresidential99.tif,4
one_class_train/denseresidential/denseresidential38.tif,4
one_class_train/denseresidential/denseresidential97.tif,4
one_class_train/denseresidential/denseresidential46.tif,4
one_class_train/denseresidential/denseresidential15.tif,4
one_class_train/denseresidential/denseresidential76.tif,4
one_class_train/denseresidential/denseresidential04.tif,4
one_class_train/denseresidential/denseresidential67.tif,4
one_class_train/denseresidential/denseresidential26.tif,4
one_class_train/denseresidential/denseresidential01.tif,4
one_class_train/denseresidential/denseresidential50.tif,4
one_class_train/denseresidential/denseresidential28.tif,4
one_class_train/denseresidential/denseresidential91.tif,4
one_class_train/denseresidential/denseresidential45.tif,4
one_class_train/denseresidential/denseresidential55.tif,4
one_class_train/denseresidential/denseresidential11.tif,4
one_class_train/denseresidential/denseresidential03.tif,4
one_class_train/denseresidential/denseresidential23.tif,4
one_class_train/denseresidential/denseresidential31.tif,4
one_class_train/denseresidential/denseresidential12.tif,4
one_class_train/denseresidential/denseresidential54.tif,4
one_class_train/denseresidential/denseresidential96.tif,4
one_class_train/denseresidential/denseresidential43.tif,4
one_class_train/denseresidential/denseresidential08.tif,4
one_class_train/denseresidential/denseresidential39.tif,4
one_class_train/denseresidential/denseresidential71.tif,4
one_class_train/denseresidential/denseresidential93.tif,4
one_class_train/denseresidential/denseresidential02.tif,4
one_class_train/denseresidential/denseresidential64.tif,4
one_class_train/denseresidential/denseresidential33.tif,4
one_class_train/denseresidential/denseresidential95.tif,4
one_class_train/denseresidential/denseresidential32.tif,4
one_class_train/denseresidential/denseresidential44.tif,4
one_class_train/denseresidential/denseresidential75.tif,4
one_class_train/denseresidential/denseresidential21.tif,4
one_class_train/denseresidential/denseresidential79.tif,4
one_class_train/denseresidential/denseresidential18.tif,4
one_class_train/denseresidential/denseresidential00.tif,4
one_class_train/denseresidential/denseresidential53.tif,4
one_class_train/denseresidential/denseresidential85.tif,4
one_class_train/denseresidential/denseresidential47.tif,4
one_class_train/denseresidential/denseresidential41.tif,4
one_class_train/denseresidential/denseresidential25.tif,4
one_class_train/denseresidential/denseresidential72.tif,4
one_class_train/denseresidential/denseresidential57.tif,4
one_class_train/denseresidential/denseresidential92.tif,4
one_class_train/denseresidential/denseresidential73.tif,4
one_class_train/denseresidential/denseresidential74.tif,4
one_class_train/denseresidential/denseresidential22.tif,4
one_class_train/denseresidential/denseresidential68.tif,4
one_class_train/denseresidential/denseresidential87.tif,4
one_class_train/denseresidential/denseresidential61.tif,4
one_class_train/denseresidential/denseresidential65.tif,4
one_class_train/denseresidential/denseresidential88.tif,4
one_class_train/denseresidential/denseresidential82.tif,4
one_class_train/denseresidential/denseresidential48.tif,4
one_class_train/denseresidential/denseresidential06.tif,4
one_class_train/denseresidential/denseresidential77.tif,4
one_class_train/denseresidential/denseresidential13.tif,4
one_class_train/forest/forest87.tif,5
one_class_train/forest/forest48.tif,5
one_class_train/forest/forest82.tif,5
one_class_train/forest/forest07.tif,5
one_class_train/forest/forest37.tif,5
one_class_train/forest/forest03.tif,5
one_class_train/forest/forest26.tif,5
one_class_train/forest/forest78.tif,5
one_class_train/forest/forest90.tif,5
one_class_train/forest/forest86.tif,5
one_class_train/forest/forest62.tif,5
one_class_train/forest/forest96.tif,5
one_class_train/forest/forest18.tif,5
one_class_train/forest/forest23.tif,5
one_class_train/forest/forest04.tif,5
one_class_train/forest/forest15.tif,5
one_class_train/forest/forest52.tif,5
one_class_train/forest/forest83.tif,5
one_class_train/forest/forest29.tif,5
one_class_train/forest/forest43.tif,5
one_class_train/forest/forest40.tif,5
one_class_train/forest/forest71.tif,5
one_class_train/forest/forest22.tif,5
one_class_train/forest/forest08.tif,5
one_class_train/forest/forest12.tif,5
one_class_train/forest/forest38.tif,5
one_class_train/forest/forest09.tif,5
one_class_train/forest/forest88.tif,5
one_class_train/forest/forest63.tif,5
one_class_train/forest/forest05.tif,5
one_class_train/forest/forest44.tif,5
one_class_train/forest/forest34.tif,5
one_class_train/forest/forest65.tif,5
one_class_train/forest/forest00.tif,5
one_class_train/forest/forest68.tif,5
one_class_train/forest/forest75.tif,5
one_class_train/forest/forest95.tif,5
one_class_train/forest/forest98.tif,5
one_class_train/forest/forest25.tif,5
one_class_train/forest/forest76.tif,5
one_class_train/forest/forest53.tif,5
one_class_train/forest/forest67.tif,5
one_class_train/forest/forest61.tif,5
one_class_train/forest/forest45.tif,5
one_class_train/forest/forest84.tif,5
one_class_train/forest/forest94.tif,5
one_class_train/forest/forest58.tif,5
one_class_train/forest/forest49.tif,5
one_class_train/forest/forest56.tif,5
one_class_train/forest/forest69.tif,5
one_class_train/forest/forest35.tif,5
one_class_train/forest/forest24.tif,5
one_class_train/forest/forest57.tif,5
one_class_train/forest/forest97.tif,5
one_class_train/forest/forest89.tif,5
one_class_train/forest/forest99.tif,5
one_class_train/forest/forest80.tif,5
one_class_train/forest/forest51.tif,5
one_class_train/forest/forest70.tif,5
one_class_train/forest/forest91.tif,5
one_class_train/forest/forest28.tif,5
one_class_train/forest/forest11.tif,5
one_class_train/forest/forest17.tif,5
one_class_train/forest/forest81.tif,5
one_class_train/forest/forest06.tif,5
one_class_train/forest/forest41.tif,5
one_class_train/forest/forest66.tif,5
one_class_train/forest/forest33.tif,5
one_class_train/forest/forest64.tif,5
one_class_train/forest/forest55.tif,5
one_class_train/forest/forest10.tif,5
one_class_train/forest/forest01.tif,5
one_class_train/forest/forest50.tif,5
one_class_train/forest/forest36.tif,5
one_class_train/forest/forest73.tif,5
one_class_train/forest/forest31.tif,5
one_class_train/forest/forest46.tif,5
one_class_train/forest/forest74.tif,5
one_class_train/forest/forest42.tif,5
one_class_train/forest/forest54.tif,5
one_class_train/freeway/freeway41.tif,6
one_class_train/freeway/freeway22.tif,6
one_class_train/freeway/freeway03.tif,6
one_class_train/freeway/freeway83.tif,6
one_class_train/freeway/freeway01.tif,6
one_class_train/freeway/freeway75.tif,6
one_class_train/freeway/freeway59.tif,6
one_class_train/freeway/freeway52.tif,6
one_class_train/freeway/freeway00.tif,6
one_class_train/freeway/freeway32.tif,6
one_class_train/freeway/freeway17.tif,6
one_class_train/freeway/freeway92.tif,6
one_class_train/freeway/freeway96.tif,6
one_class_train/freeway/freeway04.tif,6
one_class_train/freeway/freeway12.tif,6
one_class_train/freeway/freeway07.tif,6
one_class_train/freeway/freeway66.tif,6
one_class_train/freeway/freeway23.tif,6
one_class_train/freeway/freeway16.tif,6
one_class_train/freeway/freeway25.tif,6
one_class_train/freeway/freeway09.tif,6
one_class_train/freeway/freeway14.tif,6
one_class_train/freeway/freeway35.tif,6
one_class_train/freeway/freeway72.tif,6
one_class_train/freeway/freeway79.tif,6
one_class_train/freeway/freeway71.tif,6
one_class_train/freeway/freeway80.tif,6
one_class_train/freeway/freeway68.tif,6
one_class_train/freeway/freeway18.tif,6
one_class_train/freeway/freeway33.tif,6
one_class_train/freeway/freeway61.tif,6
one_class_train/freeway/freeway34.tif,6
one_class_train/freeway/freeway87.tif,6
one_class_train/freeway/freeway50.tif,6
one_class_train/freeway/freeway86.tif,6
one_class_train/freeway/freeway95.tif,6
one_class_train/freeway/freeway69.tif,6
one_class_train/freeway/freeway06.tif,6
one_class_train/freeway/freeway77.tif,6
one_class_train/freeway/freeway53.tif,6
one_class_train/freeway/freeway85.tif,6
one_class_train/freeway/freeway27.tif,6
one_class_train/freeway/freeway24.tif,6
one_class_train/freeway/freeway40.tif,6
one_class_train/freeway/freeway20.tif,6
one_class_train/freeway/freeway93.tif,6
one_class_train/freeway/freeway64.tif,6
one_class_train/freeway/freeway63.tif,6
one_class_train/freeway/freeway89.tif,6
one_class_train/freeway/freeway44.tif,6
one_class_train/freeway/freeway94.tif,6
one_class_train/freeway/freeway65.tif,6
one_class_train/freeway/freeway55.tif,6
one_class_train/freeway/freeway10.tif,6
one_class_train/freeway/freeway36.tif,6
one_class_train/freeway/freeway73.tif,6
one_class_train/freeway/freeway81.tif,6
one_class_train/freeway/freeway58.tif,6
one_class_train/freeway/freeway42.tif,6
one_class_train/freeway/freeway29.tif,6
one_class_train/freeway/freeway46.tif,6
one_class_train/freeway/freeway90.tif,6
one_class_train/freeway/freeway08.tif,6
one_class_train/freeway/freeway49.tif,6
one_class_train/freeway/freeway48.tif,6
one_class_train/freeway/freeway54.tif,6
one_class_train/freeway/freeway15.tif,6
one_class_train/freeway/freeway13.tif,6
one_class_train/freeway/freeway21.tif,6
one_class_train/freeway/freeway05.tif,6
one_class_train/freeway/freeway30.tif,6
one_class_train/freeway/freeway97.tif,6
one_class_train/freeway/freeway19.tif,6
one_class_train/freeway/freeway26.tif,6
one_class_train/freeway/freeway45.tif,6
one_class_train/freeway/freeway38.tif,6
one_class_train/freeway/freeway76.tif,6
one_class_train/freeway/freeway43.tif,6
one_class_train/freeway/freeway78.tif,6
one_class_train/freeway/freeway56.tif,6
one_class_train/golfcourse/golfcourse65.tif,7
one_class_train/golfcourse/golfcourse98.tif,7
one_class_train/golfcourse/golfcourse14.tif,7
one_class_train/golfcourse/golfcourse41.tif,7
one_class_train/golfcourse/golfcourse50.tif,7
one_class_train/golfcourse/golfcourse45.tif,7
one_class_train/golfcourse/golfcourse34.tif,7
one_class_train/golfcourse/golfcourse24.tif,7
one_class_train/golfcourse/golfcourse71.tif,7
one_class_train/golfcourse/golfcourse86.tif,7
one_class_train/golfcourse/golfcourse82.tif,7
one_class_train/golfcourse/golfcourse73.tif,7
one_class_train/golfcourse/golfcourse21.tif,7
one_class_train/golfcourse/golfcourse56.tif,7
one_class_train/golfcourse/golfcourse32.tif,7
one_class_train/golfcourse/golfcourse58.tif,7
one_class_train/golfcourse/golfcourse13.tif,7
one_class_train/golfcourse/golfcourse95.tif,7
one_class_train/golfcourse/golfcourse39.tif,7
one_class_train/golfcourse/golfcourse69.tif,7
one_class_train/golfcourse/golfcourse55.tif,7
one_class_train/golfcourse/golfcourse31.tif,7
one_class_train/golfcourse/golfcourse48.tif,7
one_class_train/golfcourse/golfcourse59.tif,7
one_class_train/golfcourse/golfcourse87.tif,7
one_class_train/golfcourse/golfcourse92.tif,7
one_class_train/golfcourse/golfcourse91.tif,7
one_class_train/golfcourse/golfcourse43.tif,7
one_class_train/golfcourse/golfcourse83.tif,7
one_class_train/golfcourse/golfcourse06.tif,7
one_class_train/golfcourse/golfcourse04.tif,7
one_class_train/golfcourse/golfcourse42.tif,7
one_class_train/golfcourse/golfcourse02.tif,7
one_class_train/golfcourse/golfcourse54.tif,7
one_class_train/golfcourse/golfcourse62.tif,7
one_class_train/golfcourse/golfcourse67.tif,7
one_class_train/golfcourse/golfcourse99.tif,7
one_class_train/golfcourse/golfcourse49.tif,7
one_class_train/golfcourse/golfcourse74.tif,7
one_class_train/golfcourse/golfcourse38.tif,7
one_class_train/golfcourse/golfcourse79.tif,7
one_class_train/golfcourse/golfcourse44.tif,7
one_class_train/golfcourse/golfcourse75.tif,7
one_class_train/golfcourse/golfcourse35.tif,7
one_class_train/golfcourse/golfcourse25.tif,7
one_class_train/golfcourse/golfcourse53.tif,7
one_class_train/golfcourse/golfcourse03.tif,7
one_class_train/golfcourse/golfcourse40.tif,7
one_class_train/golfcourse/golfcourse66.tif,7
one_class_train/golfcourse/golfcourse17.tif,7
one_class_train/golfcourse/golfcourse07.tif,7
one_class_train/golfcourse/golfcourse97.tif,7
one_class_train/golfcourse/golfcourse93.tif,7
one_class_train/golfcourse/golfcourse15.tif,7
one_class_train/golfcourse/golfcourse64.tif,7
one_class_train/golfcourse/golfcourse51.tif,7
one_class_train/golfcourse/golfcourse29.tif,7
one_class_train/golfcourse/golfcourse23.tif,7
one_class_train/golfcourse/golfcourse68.tif,7
one_class_train/golfcourse/golfcourse81.tif,7
one_class_train/golfcourse/golfcourse01.tif,7
one_class_train/golfcourse/golfcourse37.tif,7
one_class_train/golfcourse/golfcourse08.tif,7
one_class_train/golfcourse/golfcourse85.tif,7
one_class_train/golfcourse/golfcourse96.tif,7
one_class_train/golfcourse/golfcourse77.tif,7
one_class_train/golfcourse/golfcourse19.tif,7
one_class_train/golfcourse/golfcourse88.tif,7
one_class_train/golfcourse/golfcourse47.tif,7
one_class_train/golfcourse/golfcourse18.tif,7
one_class_train/golfcourse/golfcourse46.tif,7
one_class_train/golfcourse/golfcourse28.tif,7
one_class_train/golfcourse/golfcourse36.tif,7
one_class_train/golfcourse/golfcourse16.tif,7
one_class_train/golfcourse/golfcourse89.tif,7
one_class_train/golfcourse/golfcourse61.tif,7
one_class_train/golfcourse/golfcourse63.tif,7
one_class_train/golfcourse/golfcourse11.tif,7
one_class_train/golfcourse/golfcourse05.tif,7
one_class_train/golfcourse/golfcourse72.tif,7
one_class_train/harbor/harbor37.tif,8
one_class_train/harbor/harbor38.tif,8
one_class_train/harbor/harbor50.tif,8
one_class_train/harbor/harbor29.tif,8
one_class_train/harbor/harbor07.tif,8
one_class_train/harbor/harbor42.tif,8
one_class_train/harbor/harbor99.tif,8
one_class_train/harbor/harbor23.tif,8
one_class_train/harbor/harbor45.tif,8
one_class_train/harbor/harbor89.tif,8
one_class_train/harbor/harbor81.tif,8
one_class_train/harbor/harbor36.tif,8
one_class_train/harbor/harbor62.tif,8
one_class_train/harbor/harbor05.tif,8
one_class_train/harbor/harbor67.tif,8
one_class_train/harbor/harbor77.tif,8
one_class_train/harbor/harbor75.tif,8
one_class_train/harbor/harbor02.tif,8
one_class_train/harbor/harbor25.tif,8
one_class_train/harbor/harbor93.tif,8
one_class_train/harbor/harbor73.tif,8
one_class_train/harbor/harbor21.tif,8
one_class_train/harbor/harbor54.tif,8
one_class_train/harbor/harbor86.tif,8
one_class_train/harbor/harbor47.tif,8
one_class_train/harbor/harbor71.tif,8
one_class_train/harbor/harbor12.tif,8
one_class_train/harbor/harbor03.tif,8
one_class_train/harbor/harbor82.tif,8
one_class_train/harbor/harbor49.tif,8
one_class_train/harbor/harbor34.tif,8
one_class_train/harbor/harbor28.tif,8
one_class_train/harbor/harbor79.tif,8
one_class_train/harbor/harbor57.tif,8
one_class_train/harbor/harbor64.tif,8
one_class_train/harbor/harbor56.tif,8
one_class_train/harbor/harbor96.tif,8
one_class_train/harbor/harbor35.tif,8
one_class_train/harbor/harbor31.tif,8
one_class_train/harbor/harbor92.tif,8
one_class_train/harbor/harbor22.tif,8
one_class_train/harbor/harbor10.tif,8
one_class_train/harbor/harbor19.tif,8
one_class_train/harbor/harbor61.tif,8
one_class_train/harbor/harbor60.tif,8
one_class_train/harbor/harbor88.tif,8
one_class_train/harbor/harbor15.tif,8
one_class_train/harbor/harbor39.tif,8
one_class_train/harbor/harbor63.tif,8
one_class_train/harbor/harbor72.tif,8
one_class_train/harbor/harbor68.tif,8
one_class_train/harbor/harbor53.tif,8
one_class_train/harbor/harbor74.tif,8
one_class_train/harbor/harbor13.tif,8
one_class_train/harbor/harbor85.tif,8
one_class_train/harbor/harbor80.tif,8
one_class_train/harbor/harbor08.tif,8
one_class_train/harbor/harbor18.tif,8
one_class_train/harbor/harbor27.tif,8
one_class_train/harbor/harbor44.tif,8
one_class_train/harbor/harbor16.tif,8
one_class_train/harbor/harbor30.tif,8
one_class_train/harbor/harbor26.tif,8
one_class_train/harbor/harbor55.tif,8
one_class_train/harbor/harbor90.tif,8
one_class_train/harbor/harbor94.tif,8
one_class_train/harbor/harbor01.tif,8
one_class_train/harbor/harbor33.tif,8
one_class_train/harbor/harbor78.tif,8
one_class_train/harbor/harbor20.tif,8
one_class_train/harbor/harbor43.tif,8
one_class_train/harbor/harbor95.tif,8
one_class_train/harbor/harbor83.tif,8
one_class_train/harbor/harbor17.tif,8
one_class_train/harbor/harbor87.tif,8
one_class_train/harbor/harbor98.tif,8
one_class_train/harbor/harbor76.tif,8
one_class_train/harbor/harbor48.tif,8
one_class_train/harbor/harbor91.tif,8
one_class_train/harbor/harbor09.tif,8
one_class_train/intersection/intersection54.tif,9
one_class_train/intersection/intersection86.tif,9
one_class_train/intersection/intersection94.tif,9
one_class_train/intersection/intersection39.tif,9
one_class_train/intersection/intersection45.tif,9
one_class_train/intersection/intersection08.tif,9
one_class_train/intersection/intersection99.tif,9
one_class_train/intersection/intersection07.tif,9
one_class_train/intersection/intersection09.tif,9
one_class_train/intersection/intersection89.tif,9
one_class_train/intersection/intersection52.tif,9
one_class_train/intersection/intersection23.tif,9
one_class_train/intersection/intersection51.tif,9
one_class_train/intersection/intersection10.tif,9
one_class_train/intersection/intersection53.tif,9
one_class_train/intersection/intersection36.tif,9
one_class_train/intersection/intersection28.tif,9
one_class_train/intersection/intersection96.tif,9
one_class_train/intersection/intersection33.tif,9
one_class_train/intersection/intersection62.tif,9
one_class_train/intersection/intersection27.tif,9
one_class_train/intersection/intersection47.tif,9
one_class_train/intersection/intersection37.tif,9
one_class_train/intersection/intersection38.tif,9
one_class_train/intersection/intersection43.tif,9
one_class_train/intersection/intersection98.tif,9
one_class_train/intersection/intersection13.tif,9
one_class_train/intersection/intersection29.tif,9
one_class_train/intersection/intersection46.tif,9
one_class_train/intersection/intersection00.tif,9
one_class_train/intersection/intersection92.tif,9
one_class_train/intersection/intersection11.tif,9
one_class_train/intersection/intersection81.tif,9
one_class_train/intersection/intersection61.tif,9
one_class_train/intersection/intersection02.tif,9
one_class_train/intersection/intersection55.tif,9
one_class_train/intersection/intersection71.tif,9
one_class_train/intersection/intersection78.tif,9
one_class_train/intersection/intersection24.tif,9
one_class_train/intersection/intersection31.tif,9
one_class_train/intersection/intersection58.tif,9
one_class_train/intersection/intersection20.tif,9
one_class_train/intersection/intersection82.tif,9
one_class_train/intersection/intersection26.tif,9
one_class_train/intersection/intersection77.tif,9
one_class_train/intersection/intersection34.tif,9
one_class_train/intersection/intersection15.tif,9
one_class_train/intersection/intersection17.tif,9
one_class_train/intersection/intersection25.tif,9
one_class_train/intersection/intersection21.tif,9
one_class_train/intersection/intersection68.tif,9
one_class_train/intersection/intersection76.tif,9
one_class_train/intersection/intersection41.tif,9
one_class_train/intersection/intersection74.tif,9
one_class_train/intersection/intersection18.tif,9
one_class_train/intersection/intersection50.tif,9
one_class_train/intersection/intersection35.tif,9
one_class_train/intersection/intersection03.tif,9
one_class_train/intersection/intersection72.tif,9
one_class_train/intersection/intersection73.tif,9
one_class_train/intersection/intersection85.tif,9
one_class_train/intersection/intersection06.tif,9
one_class_train/intersection/intersection70.tif,9
one_class_train/intersection/intersection65.tif,9
one_class_train/intersection/intersection14.tif,9
one_class_train/intersection/intersection88.tif,9
one_class_train/intersection/intersection57.tif,9
one_class_train/intersection/intersection30.tif,9
one_class_train/intersection/intersection59.tif,9
one_class_train/intersection/intersection93.tif,9
one_class_train/intersection/intersection32.tif,9
one_class_train/intersection/intersection87.tif,9
one_class_train/intersection/intersection66.tif,9
one_class_train/intersection/intersection69.tif,9
one_class_train/intersection/intersection79.tif,9
one_class_train/intersection/intersection97.tif,9
one_class_train/intersection/intersection22.tif,9
one_class_train/intersection/intersection80.tif,9
one_class_train/intersection/intersection44.tif,9
one_class_train/intersection/intersection01.tif,9
one_class_train/mediumresidential/mediumresidential24.tif,10
one_class_train/mediumresidential/mediumresidential41.tif,10
one_class_train/mediumresidential/mediumresidential78.tif,10
one_class_train/mediumresidential/mediumresidential05.tif,10
one_class_train/mediumresidential/mediumresidential69.tif,10
one_class_train/mediumresidential/mediumresidential79.tif,10
one_class_train/mediumresidential/mediumresidential87.tif,10
one_class_train/mediumresidential/mediumresidential91.tif,10
one_class_train/mediumresidential/mediumresidential74.tif,10
one_class_train/mediumresidential/mediumresidential36.tif,10
one_class_train/mediumresidential/mediumresidential12.tif,10
one_class_train/mediumresidential/mediumresidential60.tif,10
one_class_train/mediumresidential/mediumresidential20.tif,10
one_class_train/mediumresidential/mediumresidential23.tif,10
one_class_train/mediumresidential/mediumresidential29.tif,10
one_class_train/mediumresidential/mediumresidential55.tif,10
one_class_train/mediumresidential/mediumresidential08.tif,10
one_class_train/mediumresidential/mediumresidential76.tif,10
one_class_train/mediumresidential/mediumresidential27.tif,10
one_class_train/mediumresidential/mediumresidential19.tif,10
one_class_train/mediumresidential/mediumresidential84.tif,10
one_class_train/mediumresidential/mediumresidential34.tif,10
one_class_train/mediumresidential/mediumresidential83.tif,10
one_class_train/mediumresidential/mediumresidential03.tif,10
one_class_train/mediumresidential/mediumresidential93.tif,10
one_class_train/mediumresidential/mediumresidential09.tif,10
one_class_train/mediumresidential/mediumresidential14.tif,10
one_class_train/mediumresidential/mediumresidential52.tif,10
one_class_train/mediumresidential/mediumresidential07.tif,10
one_class_train/mediumresidential/mediumresidential39.tif,10
one_class_train/mediumresidential/mediumresidential82.tif,10
one_class_train/mediumresidential/mediumresidential16.tif,10
one_class_train/mediumresidential/mediumresidential54.tif,10
one_class_train/mediumresidential/mediumresidential11.tif,10
one_class_train/mediumresidential/mediumresidential70.tif,10
one_class_train/mediumresidential/mediumresidential71.tif,10
one_class_train/mediumresidential/mediumresidential63.tif,10
one_class_train/mediumresidential/mediumresidential46.tif,10
one_class_train/mediumresidential/mediumresidential68.tif,10
one_class_train/mediumresidential/mediumresidential80.tif,10
one_class_train/mediumresidential/mediumresidential33.tif,10
one_class_train/mediumresidential/mediumresidential18.tif,10
one_class_train/mediumresidential/mediumresidential15.tif,10
one_class_train/mediumresidential/mediumresidential92.tif,10
one_class_train/mediumresidential/mediumresidential67.tif,10
one_class_train/mediumresidential/mediumresidential40.tif,10
one_class_train/mediumresidential/mediumresidential59.tif,10
one_class_train/mediumresidential/mediumresidential26.tif,10
one_class_train/mediumresidential/mediumresidential22.tif,10
one_class_train/mediumresidential/mediumresidential42.tif,10
one_class_train/mediumresidential/mediumresidential81.tif,10
one_class_train/mediumresidential/mediumresidential43.tif,10
one_class_train/mediumresidential/mediumresidential75.tif,10
one_class_train/mediumresidential/mediumresidential94.tif,10
one_class_train/mediumresidential/mediumresidential21.tif,10
one_class_train/mediumresidential/mediumresidential95.tif,10
one_class_train/mediumresidential/mediumresidential56.tif,10
one_class_train/mediumresidential/mediumresidential90.tif,10
one_class_train/mediumresidential/mediumresidential96.tif,10
one_class_train/mediumresidential/mediumresidential62.tif,10
one_class_train/mediumresidential/mediumresidential51.tif,10
one_class_train/mediumresidential/mediumresidential53.tif,10
one_class_train/mediumresidential/mediumresidential98.tif,10
one_class_train/mediumresidential/mediumresidential77.tif,10
one_class_train/mediumresidential/mediumresidential00.tif,10
one_class_train/mediumresidential/mediumresidential65.tif,10
one_class_train/mediumresidential/mediumresidential85.tif,10
one_class_train/mediumresidential/mediumresidential57.tif,10
one_class_train/mediumresidential/mediumresidential06.tif,10
one_class_train/mediumresidential/mediumresidential10.tif,10
one_class_train/mediumresidential/mediumresidential66.tif,10
one_class_train/mediumresidential/mediumresidential64.tif,10
one_class_train/mediumresidential/mediumresidential17.tif,10
one_class_train/mediumresidential/mediumresidential28.tif,10
one_class_train/mediumresidential/mediumresidential31.tif,10
one_class_train/mediumresidential/mediumresidential47.tif,10
one_class_train/mediumresidential/mediumresidential04.tif,10
one_class_train/mediumresidential/mediumresidential99.tif,10
one_class_train/mediumresidential/mediumresidential44.tif,10
one_class_train/mediumresidential/mediumresidential97.tif,10
one_class_train/mobilehomepark/mobilehomepark80.tif,11
one_class_train/mobilehomepark/mobilehomepark94.tif,11
one_class_train/mobilehomepark/mobilehomepark54.tif,11
one_class_train/mobilehomepark/mobilehomepark34.tif,11
one_class_train/mobilehomepark/mobilehomepark11.tif,11
one_class_train/mobilehomepark/mobilehomepark26.tif,11
one_class_train/mobilehomepark/mobilehomepark81.tif,11
one_class_train/mobilehomepark/mobilehomepark35.tif,11
one_class_train/mobilehomepark/mobilehomepark21.tif,11
one_class_train/mobilehomepark/mobilehomepark99.tif,11
one_class_train/mobilehomepark/mobilehomepark77.tif,11
one_class_train/mobilehomepark/mobilehomepark74.tif,11
one_class_train/mobilehomepark/mobilehomepark84.tif,11
one_class_train/mobilehomepark/mobilehomepark24.tif,11
one_class_train/mobilehomepark/mobilehomepark41.tif,11
one_class_train/mobilehomepark/mobilehomepark57.tif,11
one_class_train/mobilehomepark/mobilehomepark09.tif,11
one_class_train/mobilehomepark/mobilehomepark51.tif,11
one_class_train/mobilehomepark/mobilehomepark16.tif,11
one_class_train/mobilehomepark/mobilehomepark25.tif,11
one_class_train/mobilehomepark/mobilehomepark61.tif,11
one_class_train/mobilehomepark/mobilehomepark86.tif,11
one_class_train/mobilehomepark/mobilehomepark02.tif,11
one_class_train/mobilehomepark/mobilehomepark31.tif,11
one_class_train/mobilehomepark/mobilehomepark64.tif,11
one_class_train/mobilehomepark/mobilehomepark82.tif,11
one_class_train/mobilehomepark/mobilehomepark48.tif,11
one_class_train/mobilehomepark/mobilehomepark46.tif,11
one_class_train/mobilehomepark/mobilehomepark73.tif,11
one_class_train/mobilehomepark/mobilehomepark93.tif,11
one_class_train/mobilehomepark/mobilehomepark07.tif,11
one_class_train/mobilehomepark/mobilehomepark50.tif,11
one_class_train/mobilehomepark/mobilehomepark33.tif,11
one_class_train/mobilehomepark/mobilehomepark40.tif,11
one_class_train/mobilehomepark/mobilehomepark71.tif,11
one_class_train/mobilehomepark/mobilehomepark18.tif,11
one_class_train/mobilehomepark/mobilehomepark42.tif,11
one_class_train/mobilehomepark/mobilehomepark06.tif,11
one_class_train/mobilehomepark/mobilehomepark91.tif,11
one_class_train/mobilehomepark/mobilehomepark01.tif,11
one_class_train/mobilehomepark/mobilehomepark59.tif,11
one_class_train/mobilehomepark/mobilehomepark00.tif,11
one_class_train/mobilehomepark/mobilehomepark20.tif,11
one_class_train/mobilehomepark/mobilehomepark44.tif,11
one_class_train/mobilehomepark/mobilehomepark92.tif,11
one_class_train/mobilehomepark/mobilehomepark04.tif,11
one_class_train/mobilehomepark/mobilehomepark22.tif,11
one_class_train/mobilehomepark/mobilehomepark79.tif,11
one_class_train/mobilehomepark/mobilehomepark13.tif,11
one_class_train/mobilehomepark/mobilehomepark89.tif,11
one_class_train/mobilehomepark/mobilehomepark56.tif,11
one_class_train/mobilehomepark/mobilehomepark66.tif,11
one_class_train/mobilehomepark/mobilehomepark37.tif,11
one_class_train/mobilehomepark/mobilehomepark05.tif,11
one_class_train/mobilehomepark/mobilehomepark45.tif,11
one_class_train/mobilehomepark/mobilehomepark32.tif,11
one_class_train/mobilehomepark/mobilehomepark95.tif,11
one_class_train/mobilehomepark/mobilehomepark70.tif,11
one_class_train/mobilehomepark/mobilehomepark15.tif,11
one_class_train/mobilehomepark/mobilehomepark39.tif,11
one_class_train/mobilehomepark/mobilehomepark72.tif,11
one_class_train/mobilehomepark/mobilehomepark23.tif,11
one_class_train/mobilehomepark/mobilehomepark97.tif,11
one_class_train/mobilehomepark/mobilehomepark52.tif,11
one_class_train/mobilehomepark/mobilehomepark65.tif,11
one_class_train/mobilehomepark/mobilehomepark10.tif,11
one_class_train/mobilehomepark/mobilehomepark88.tif,11
one_class_train/mobilehomepark/mobilehomepark08.tif,11
one_class_train/mobilehomepark/mobilehomepark76.tif,11
one_class_train/mobilehomepark/mobilehomepark28.tif,11
one_class_train/mobilehomepark/mobilehomepark43.tif,11
one_class_train/mobilehomepark/mobilehomepark90.tif,11
one_class_train/mobilehomepark/mobilehomepark36.tif,11
one_class_train/mobilehomepark/mobilehomepark60.tif,11
one_class_train/mobilehomepark/mobilehomepark03.tif,11
one_class_train/mobilehomepark/mobilehomepark27.tif,11
one_class_train/mobilehomepark/mobilehomepark29.tif,11
one_class_train/mobilehomepark/mobilehomepark67.tif,11
one_class_train/mobilehomepark/mobilehomepark98.tif,11
one_class_train/mobilehomepark/mobilehomepark55.tif,11
one_class_train/overpass/overpass72.tif,12
one_class_train/overpass/overpass39.tif,12
one_class_train/overpass/overpass31.tif,12
one_class_train/overpass/overpass53.tif,12
one_class_train/overpass/overpass36.tif,12
one_class_train/overpass/overpass52.tif,12
one_class_train/overpass/overpass90.tif,12
one_class_train/overpass/overpass57.tif,12
one_class_train/overpass/overpass93.tif,12
one_class_train/overpass/overpass00.tif,12
one_class_train/overpass/overpass98.tif,12
one_class_train/overpass/overpass04.tif,12
one_class_train/overpass/overpass92.tif,12
one_class_train/overpass/overpass02.tif,12
one_class_train/overpass/overpass30.tif,12
one_class_train/overpass/overpass37.tif,12
one_class_train/overpass/overpass48.tif,12
one_class_train/overpass/overpass44.tif,12
one_class_train/overpass/overpass14.tif,12
one_class_train/overpass/overpass88.tif,12
one_class_train/overpass/overpass80.tif,12
one_class_train/overpass/overpass73.tif,12
one_class_train/overpass/overpass74.tif,12
one_class_train/overpass/overpass19.tif,12
one_class_train/overpass/overpass96.tif,12
one_class_train/overpass/overpass21.tif,12
one_class_train/overpass/overpass69.tif,12
one_class_train/overpass/overpass46.tif,12
one_class_train/overpass/overpass05.tif,12
one_class_train/overpass/overpass71.tif,12
one_class_train/overpass/overpass65.tif,12
one_class_train/overpass/overpass38.tif,12
one_class_train/overpass/overpass83.tif,12
one_class_train/overpass/overpass94.tif,12
one_class_train/overpass/overpass95.tif,12
one_class_train/overpass/overpass81.tif,12
one_class_train/overpass/overpass29.tif,12
one_class_train/overpass/overpass66.tif,12
one_class_train/overpass/overpass45.tif,12
one_class_train/overpass/overpass70.tif,12
one_class_train/overpass/overpass84.tif,12
one_class_train/overpass/overpass24.tif,12
one_class_train/overpass/overpass68.tif,12
one_class_train/overpass/overpass60.tif,12
one_class_train/overpass/overpass63.tif,12
one_class_train/overpass/overpass43.tif,12
one_class_train/overpass/overpass86.tif,12
one_class_train/overpass/overpass33.tif,12
one_class_train/overpass/overpass89.tif,12
one_class_train/overpass/overpass20.tif,12
one_class_train/overpass/overpass91.tif,12
one_class_train/overpass/overpass11.tif,12
one_class_train/overpass/overpass78.tif,12
one_class_train/overpass/overpass50.tif,12
one_class_train/overpass/overpass34.tif,12
one_class_train/overpass/overpass32.tif,12
one_class_train/overpass/overpass76.tif,12
one_class_train/overpass/overpass67.tif,12
one_class_train/overpass/overpass06.tif,12
one_class_train/overpass/overpass25.tif,12
one_class_train/overpass/overpass26.tif,12
one_class_train/overpass/overpass01.tif,12
one_class_train/overpass/overpass49.tif,12
one_class_train/overpass/overpass75.tif,12
one_class_train/overpass/overpass47.tif,12
one_class_train/overpass/overpass17.tif,12
one_class_train/overpass/overpass23.tif,12
one_class_train/overpass/overpass40.tif,12
one_class_train/overpass/overpass99.tif,12
one_class_train/overpass/overpass59.tif,12
one_class_train/overpass/overpass97.tif,12
one_class_train/overpass/overpass15.tif,12
one_class_train/overpass/overpass42.tif,12
one_class_train/overpass/overpass12.tif,12
one_class_train/overpass/overpass22.tif,12
one_class_train/overpass/overpass55.tif,12
one_class_train/overpass/overpass27.tif,12
one_class_train/overpass/overpass64.tif,12
one_class_train/overpass/overpass85.tif,12
one_class_train/overpass/overpass28.tif,12
one_class_train/parkinglot/parkinglot55.tif,13
one_class_train/parkinglot/parkinglot96.tif,13
one_class_train/parkinglot/parkinglot05.tif,13
one_class_train/parkinglot/parkinglot47.tif,13
one_class_train/parkinglot/parkinglot29.tif,13
one_class_train/parkinglot/parkinglot01.tif,13
one_class_train/parkinglot/parkinglot57.tif,13
one_class_train/parkinglot/parkinglot37.tif,13
one_class_train/parkinglot/parkinglot30.tif,13
one_class_train/parkinglot/parkinglot79.tif,13
one_class_train/parkinglot/parkinglot65.tif,13
one_class_train/parkinglot/parkinglot63.tif,13
one_class_train/parkinglot/parkinglot25.tif,13
one_class_train/parkinglot/parkinglot80.tif,13
one_class_train/parkinglot/parkinglot46.tif,13
one_class_train/parkinglot/parkinglot94.tif,13
one_class_train/parkinglot/parkinglot13.tif,13
one_class_train/parkinglot/parkinglot36.tif,13
one_class_train/parkinglot/parkinglot62.tif,13
one_class_train/parkinglot/parkinglot92.tif,13
one_class_train/parkinglot/parkinglot20.tif,13
one_class_train/parkinglot/parkinglot38.tif,13
one_class_train/parkinglot/parkinglot59.tif,13
one_class_train/parkinglot/parkinglot86.tif,13
one_class_train/parkinglot/parkinglot32.tif,13
one_class_train/parkinglot/parkinglot68.tif,13
one_class_train/parkinglot/parkinglot88.tif,13
one_class_train/parkinglot/parkinglot16.tif,13
one_class_train/parkinglot/parkinglot33.tif,13
one_class_train/parkinglot/parkinglot70.tif,13
one_class_train/parkinglot/parkinglot85.tif,13
one_class_train/parkinglot/parkinglot09.tif,13
one_class_train/parkinglot/parkinglot77.tif,13
one_class_train/parkinglot/parkinglot95.tif,13
one_class_train/parkinglot/parkinglot22.tif,13
one_class_train/parkinglot/parkinglot69.tif,13
one_class_train/parkinglot/parkinglot76.tif,13
one_class_train/parkinglot/parkinglot60.tif,13
one_class_train/parkinglot/parkinglot45.tif,13
one_class_train/parkinglot/parkinglot83.tif,13
one_class_train/parkinglot/parkinglot91.tif,13
one_class_train/parkinglot/parkinglot74.tif,13
one_class_train/parkinglot/parkinglot26.tif,13
one_class_train/parkinglot/parkinglot97.tif,13
one_class_train/parkinglot/parkinglot58.tif,13
one_class_train/parkinglot/parkinglot21.tif,13
one_class_train/parkinglot/parkinglot75.tif,13
one_class_train/parkinglot/parkinglot52.tif,13
one_class_train/parkinglot/parkinglot93.tif,13
one_class_train/parkinglot/parkinglot14.tif,13
one_class_train/parkinglot/parkinglot73.tif,13
one_class_train/parkinglot/parkinglot82.tif,13
one_class_train/parkinglot/parkinglot12.tif,13
one_class_train/parkinglot/parkinglot15.tif,13
one_class_train/parkinglot/parkinglot64.tif,13
one_class_train/parkinglot/parkinglot53.tif,13
one_class_train/parkinglot/parkinglot31.tif,13
one_class_train/parkinglot/parkinglot41.tif,13
one_class_train/parkinglot/parkinglot49.tif,13
one_class_train/parkinglot/parkinglot48.tif,13
one_class_train/parkinglot/parkinglot24.tif,13
one_class_train/parkinglot/parkinglot17.tif,13
one_class_train/parkinglot/parkinglot42.tif,13
one_class_train/parkinglot/parkinglot54.tif,13
one_class_train/parkinglot/parkinglot66.tif,13
one_class_train/parkinglot/parkinglot10.tif,13
one_class_train/parkinglot/parkinglot19.tif,13
one_class_train/parkinglot/parkinglot04.tif,13
one_class_train/parkinglot/parkinglot78.tif,13
one_class_train/parkinglot/parkinglot07.tif,13
one_class_train/parkinglot/parkinglot35.tif,13
one_class_train/parkinglot/parkinglot56.tif,13
one_class_train/parkinglot/parkinglot02.tif,13
one_class_train/parkinglot/parkinglot06.tif,13
one_class_train/parkinglot/parkinglot71.tif,13
one_class_train/parkinglot/parkinglot87.tif,13
one_class_train/parkinglot/parkinglot28.tif,13
one_class_train/parkinglot/parkinglot40.tif,13
one_class_train/parkinglot/parkinglot50.tif,13
one_class_train/parkinglot/parkinglot61.tif,13
one_class_train/river/river08.tif,14
one_class_train/river/river60.tif,14
one_class_train/river/river64.tif,14
one_class_train/river/river66.tif,14
one_class_train/river/river78.tif,14
one_class_train/river/river94.tif,14
one_class_train/river/river34.tif,14
one_class_train/river/river56.tif,14
one_class_train/river/river09.tif,14
one_class_train/river/river54.tif,14
one_class_train/river/river63.tif,14
one_class_train/river/river06.tif,14
one_class_train/river/river19.tif,14
one_class_train/river/river26.tif,14
one_class_train/river/river96.tif,14
one_class_train/river/river89.tif,14
one_class_train/river/river45.tif,14
one_class_train/river/river18.tif,14
one_class_train/river/river84.tif,14
one_class_train/river/river23.tif,14
one_class_train/river/river65.tif,14
one_class_train/river/river33.tif,14
one_class_train/river/river83.tif,14
one_class_train/river/river61.tif,14
one_class_train/river/river49.tif,14
one_class_train/river/river43.tif,14
one_class_train/river/river73.tif,14
one_class_train/river/river71.tif,14
one_class_train/river/river86.tif,14
one_class_train/river/river87.tif,14
one_class_train/river/river03.tif,14
one_class_train/river/river15.tif,14
one_class_train/river/river16.tif,14
one_class_train/river/river38.tif,14
one_class_train/river/river99.tif,14
one_class_train/river/river17.tif,14
one_class_train/river/river12.tif,14
one_class_train/river/river00.tif,14
one_class_train/river/river95.tif,14
one_class_train/river/river22.tif,14
one_class_train/river/river32.tif,14
one_class_train/river/river85.tif,14
one_class_train/river/river07.tif,14
one_class_train/river/river52.tif,14
one_class_train/river/river98.tif,14
one_class_train/river/river74.tif,14
one_class_train/river/river20.tif,14
one_class_train/river/river24.tif,14
one_class_train/river/river42.tif,14
one_class_train/river/river53.tif,14
one_class_train/river/river48.tif,14
one_class_train/river/river57.tif,14
one_class_train/river/river70.tif,14
one_class_train/river/river27.tif,14
one_class_train/river/river29.tif,14
one_class_train/river/river72.tif,14
one_class_train/river/river47.tif,14
one_class_train/river/river59.tif,14
one_class_train/river/river01.tif,14
one_class_train/river/river30.tif,14
one_class_train/river/river05.tif,14
one_class_train/river/river80.tif,14
one_class_train/river/river40.tif,14
one_class_train/river/river68.tif,14
one_class_train/river/river28.tif,14
one_class_train/river/river77.tif,14
one_class_train/river/river93.tif,14
one_class_train/river/river44.tif,14
one_class_train/river/river25.tif,14
one_class_train/river/river35.tif,14
one_class_train/river/river92.tif,14
one_class_train/river/river39.tif,14
one_class_train/river/river04.tif,14
one_class_train/river/river36.tif,14
one_class_train/river/river81.tif,14
one_class_train/river/river90.tif,14
one_class_train/river/river82.tif,14
one_class_train/river/river69.tif,14
one_class_train/river/river76.tif,14
one_class_train/river/river62.tif,14
one_class_train/runway/runway21.tif,15
one_class_train/runway/runway77.tif,15
one_class_train/runway/runway35.tif,15
one_class_train/runway/runway83.tif,15
one_class_train/runway/runway29.tif,15
one_class_train/runway/runway75.tif,15
one_class_train/runway/runway98.tif,15
one_class_train/runway/runway72.tif,15
one_class_train/runway/runway25.tif,15
one_class_train/runway/runway19.tif,15
one_class_train/runway/runway94.tif,15
one_class_train/runway/runway16.tif,15
one_class_train/runway/runway39.tif,15
one_class_train/runway/runway53.tif,15
one_class_train/runway/runway97.tif,15
one_class_train/runway/runway34.tif,15
one_class_train/runway/runway79.tif,15
one_class_train/runway/runway04.tif,15
one_class_train/runway/runway30.tif,15
one_class_train/runway/runway06.tif,15
one_class_train/runway/runway27.tif,15
one_class_train/runway/runway17.tif,15
one_class_train/runway/runway18.tif,15
one_class_train/runway/runway14.tif,15
one_class_train/runway/runway32.tif,15
one_class_train/runway/runway48.tif,15
one_class_train/runway/runway80.tif,15
one_class_train/runway/runway87.tif,15
one_class_train/runway/runway12.tif,15
one_class_train/runway/runway88.tif,15
one_class_train/runway/runway23.tif,15
one_class_train/runway/runway07.tif,15
one_class_train/runway/runway73.tif,15
one_class_train/runway/runway68.tif,15
one_class_train/runway/runway33.tif,15
one_class_train/runway/runway08.tif,15
one_class_train/runway/runway45.tif,15
one_class_train/runway/runway02.tif,15
one_class_train/runway/runway37.tif,15
one_class_train/runway/runway74.tif,15
one_class_train/runway/runway09.tif,15
one_class_train/runway/runway50.tif,15
one_class_train/runway/runway51.tif,15
one_class_train/runway/runway38.tif,15
one_class_train/runway/runway85.tif,15
one_class_train/runway/runway99.tif,15
one_class_train/runway/runway57.tif,15
one_class_train/runway/runway26.tif,15
one_class_train/runway/runway41.tif,15
one_class_train/runway/runway61.tif,15
one_class_train/runway/runway71.tif,15
one_class_train/runway/runway69.tif,15
one_class_train/runway/runway60.tif,15
one_class_train/runway/runway95.tif,15
one_class_train/runway/runway28.tif,15
one_class_train/runway/runway01.tif,15
one_class_train/runway/runway42.tif,15
one_class_train/runway/runway76.tif,15
one_class_train/runway/runway54.tif,15
one_class_train/runway/runway93.tif,15
one_class_train/runway/runway58.tif,15
one_class_train/runway/runway96.tif,15
one_class_train/runway/runway86.tif,15
one_class_train/runway/runway03.tif,15
one_class_train/runway/runway24.tif,15
one_class_train/runway/runway81.tif,15
one_class_train/runway/runway59.tif,15
one_class_train/runway/runway55.tif,15
one_class_train/runway/runway11.tif,15
one_class_train/runway/runway84.tif,15
one_class_train/runway/runway00.tif,15
one_class_train/runway/runway70.tif,15
one_class_train/runway/runway92.tif,15
one_class_train/runway/runway44.tif,15
one_class_train/runway/runway63.tif,15
one_class_train/runway/runway15.tif,15
one_class_train/runway/runway52.tif,15
one_class_train/runway/runway65.tif,15
one_class_train/runway/runway62.tif,15
one_class_train/runway/runway40.tif,15
one_class_train/sparseresidential/sparseresidential23.tif,16
one_class_train/sparseresidential/sparseresidential46.tif,16
one_class_train/sparseresidential/sparseresidential78.tif,16
one_class_train/sparseresidential/sparseresidential01.tif,16
one_class_train/sparseresidential/sparseresidential79.tif,16
one_class_train/sparseresidential/sparseresidential25.tif,16
one_class_train/sparseresidential/sparseresidential11.tif,16
one_class_train/sparseresidential/sparseresidential54.tif,16
one_class_train/sparseresidential/sparseresidential61.tif,16
one_class_train/sparseresidential/sparseresidential16.tif,16
one_class_train/sparseresidential/sparseresidential43.tif,16
one_class_train/sparseresidential/sparseresidential82.tif,16
one_class_train/sparseresidential/sparseresidential21.tif,16
one_class_train/sparseresidential/sparseresidential26.tif,16
one_class_train/sparseresidential/sparseresidential76.tif,16
one_class_train/sparseresidential/sparseresidential87.tif,16
one_class_train/sparseresidential/sparseresidential81.tif,16
one_class_train/sparseresidential/sparseresidential04.tif,16
one_class_train/sparseresidential/sparseresidential80.tif,16
one_class_train/sparseresidential/sparseresidential12.tif,16
one_class_train/sparseresidential/sparseresidential38.tif,16
one_class_train/sparseresidential/sparseresidential72.tif,16
one_class_train/sparseresidential/sparseresidential74.tif,16
one_class_train/sparseresidential/sparseresidential09.tif,16
one_class_train/sparseresidential/sparseresidential98.tif,16
one_class_train/sparseresidential/sparseresidential41.tif,16
one_class_train/sparseresidential/sparseresidential90.tif,16
one_class_train/sparseresidential/sparseresidential71.tif,16
one_class_train/sparseresidential/sparseresidential91.tif,16
one_class_train/sparseresidential/sparseresidential14.tif,16
one_class_train/sparseresidential/sparseresidential83.tif,16
one_class_train/sparseresidential/sparseresidential40.tif,16
one_class_train/sparseresidential/sparseresidential28.tif,16
one_class_train/sparseresidential/sparseresidential62.tif,16
one_class_train/sparseresidential/sparseresidential77.tif,16
one_class_train/sparseresidential/sparseresidential22.tif,16
one_class_train/sparseresidential/sparseresidential44.tif,16
one_class_train/sparseresidential/sparseresidential70.tif,16
one_class_train/sparseresidential/sparseresidential99.tif,16
one_class_train/sparseresidential/sparseresidential49.tif,16
one_class_train/sparseresidential/sparseresidential52.tif,16
one_class_train/sparseresidential/sparseresidential58.tif,16
one_class_train/sparseresidential/sparseresidential13.tif,16
one_class_train/sparseresidential/sparseresidential85.tif,16
one_class_train/sparseresidential/sparseresidential88.tif,16
one_class_train/sparseresidential/sparseresidential84.tif,16
one_class_train/sparseresidential/sparseresidential94.tif,16
one_class_train/sparseresidential/sparseresidential35.tif,16
one_class_train/sparseresidential/sparseresidential06.tif,16
one_class_train/sparseresidential/sparseresidential55.tif,16
one_class_train/sparseresidential/sparseresidential00.tif,16
one_class_train/sparseresidential/sparseresidential51.tif,16
one_class_train/sparseresidential/sparseresidential27.tif,16
one_class_train/sparseresidential/sparseresidential31.tif,16
one_class_train/sparseresidential/sparseresidential92.tif,16
one_class_train/sparseresidential/sparseresidential18.tif,16
one_class_train/sparseresidential/sparseresidential69.tif,16
one_class_train/sparseresidential/sparseresidential02.tif,16
one_class_train/sparseresidential/sparseresidential93.tif,16
one_class_train/sparseresidential/sparseresidential37.tif,16
one_class_train/sparseresidential/sparseresidential75.tif,16
one_class_train/sparseresidential/sparseresidential65.tif,16
one_class_train/sparseresidential/sparseresidential42.tif,16
one_class_train/sparseresidential/sparseresidential19.tif,16
one_class_train/sparseresidential/sparseresidential08.tif,16
one_class_train/sparseresidential/sparseresidential33.tif,16
one_class_train/sparseresidential/sparseresidential32.tif,16
one_class_train/sparseresidential/sparseresidential07.tif,16
one_class_train/sparseresidential/sparseresidential89.tif,16
one_class_train/sparseresidential/sparseresidential15.tif,16
one_class_train/sparseresidential/sparseresidential50.tif,16
one_class_train/sparseresidential/sparseresidential34.tif,16
one_class_train/sparseresidential/sparseresidential10.tif,16
one_class_train/sparseresidential/sparseresidential17.tif,16
one_class_train/sparseresidential/sparseresidential45.tif,16
one_class_train/sparseresidential/sparseresidential63.tif,16
one_class_train/sparseresidential/sparseresidential66.tif,16
one_class_train/sparseresidential/sparseresidential97.tif,16
one_class_train/sparseresidential/sparseresidential05.tif,16
one_class_train/sparseresidential/sparseresidential03.tif,16
one_class_train/tenniscourt/tenniscourt08.tif,17
one_class_train/tenniscourt/tenniscourt59.tif,17
one_class_train/tenniscourt/tenniscourt42.tif,17
one_class_train/tenniscourt/tenniscourt01.tif,17
one_class_train/tenniscourt/tenniscourt85.tif,17
one_class_train/tenniscourt/tenniscourt15.tif,17
one_class_train/tenniscourt/tenniscourt67.tif,17
one_class_train/tenniscourt/tenniscourt30.tif,17
one_class_train/tenniscourt/tenniscourt46.tif,17
one_class_train/tenniscourt/tenniscourt38.tif,17
one_class_train/tenniscourt/tenniscourt68.tif,17
one_class_train/tenniscourt/tenniscourt83.tif,17
one_class_train/tenniscourt/tenniscourt07.tif,17
one_class_train/tenniscourt/tenniscourt53.tif,17
one_class_train/tenniscourt/tenniscourt58.tif,17
one_class_train/tenniscourt/tenniscourt51.tif,17
one_class_train/tenniscourt/tenniscourt14.tif,17
one_class_train/tenniscourt/tenniscourt75.tif,17
one_class_train/tenniscourt/tenniscourt32.tif,17
one_class_train/tenniscourt/tenniscourt88.tif,17
one_class_train/tenniscourt/tenniscourt87.tif,17
one_class_train/tenniscourt/tenniscourt16.tif,17
one_class_train/tenniscourt/tenniscourt95.tif,17
one_class_train/tenniscourt/tenniscourt12.tif,17
one_class_train/tenniscourt/tenniscourt03.tif,17
one_class_train/tenniscourt/tenniscourt31.tif,17
one_class_train/tenniscourt/tenniscourt99.tif,17
one_class_train/tenniscourt/tenniscourt71.tif,17
one_class_train/tenniscourt/tenniscourt11.tif,17
one_class_train/tenniscourt/tenniscourt65.tif,17
one_class_train/tenniscourt/tenniscourt18.tif,17
one_class_train/tenniscourt/tenniscourt48.tif,17
one_class_train/tenniscourt/tenniscourt82.tif,17
one_class_train/tenniscourt/tenniscourt52.tif,17
one_class_train/tenniscourt/tenniscourt94.tif,17
one_class_train/tenniscourt/tenniscourt04.tif,17
one_class_train/tenniscourt/tenniscourt17.tif,17
one_class_train/tenniscourt/tenniscourt29.tif,17
one_class_train/tenniscourt/tenniscourt43.tif,17
one_class_train/tenniscourt/tenniscourt06.tif,17
one_class_train/tenniscourt/tenniscourt49.tif,17
one_class_train/tenniscourt/tenniscourt33.tif,17
one_class_train/tenniscourt/tenniscourt76.tif,17
one_class_train/tenniscourt/tenniscourt28.tif,17
one_class_train/tenniscourt/tenniscourt62.tif,17
one_class_train/tenniscourt/tenniscourt36.tif,17
one_class_train/tenniscourt/tenniscourt26.tif,17
one_class_train/tenniscourt/tenniscourt20.tif,17
one_class_train/tenniscourt/tenniscourt72.tif,17
one_class_train/tenniscourt/tenniscourt92.tif,17
one_class_train/tenniscourt/tenniscourt09.tif,17
one_class_train/tenniscourt/tenniscourt27.tif,17
one_class_train/tenniscourt/tenniscourt89.tif,17
one_class_train/tenniscourt/tenniscourt86.tif,17
one_class_train/tenniscourt/tenniscourt63.tif,17
one_class_train/tenniscourt/tenniscourt74.tif,17
one_class_train/tenniscourt/tenniscourt80.tif,17
one_class_train/tenniscourt/tenniscourt47.tif,17
one_class_train/tenniscourt/tenniscourt22.tif,17
one_class_train/tenniscourt/tenniscourt02.tif,17
one_class_train/tenniscourt/tenniscourt35.tif,17
one_class_train/tenniscourt/tenniscourt91.tif,17
one_class_train/tenniscourt/tenniscourt19.tif,17
one_class_train/tenniscourt/tenniscourt81.tif,17
one_class_train/tenniscourt/tenniscourt79.tif,17
one_class_train/tenniscourt/tenniscourt40.tif,17
one_class_train/tenniscourt/tenniscourt66.tif,17
one_class_train/tenniscourt/tenniscourt00.tif,17
one_class_train/tenniscourt/tenniscourt24.tif,17
one_class_train/tenniscourt/tenniscourt73.tif,17
one_class_train/tenniscourt/tenniscourt50.tif,17
one_class_train/tenniscourt/tenniscourt61.tif,17
one_class_train/tenniscourt/tenniscourt93.tif,17
one_class_train/tenniscourt/tenniscourt23.tif,17
one_class_train/tenniscourt/tenniscourt64.tif,17
one_class_train/tenniscourt/tenniscourt34.tif,17
one_class_train/tenniscourt/tenniscourt70.tif,17
one_class_train/tenniscourt/tenniscourt96.tif,17
one_class_train/tenniscourt/tenniscourt60.tif,17
one_class_train/tenniscourt/tenniscourt25.tif,17
